{
  "Linear Regression": 0.4741572020222862,
  "Random Forest": 0.6594935815212395,
  "XGBoost": 0.6195702291447416
}